{
  "setup": {
    "huang": {
      "mean": 2.418732891480128,
      "std": 0.04741184161219313
    },
    "derler": {
      "mean": 15.498516460259756,
      "std": 0.044148056263492254
    },
    "tian": {
      "mean": 17.808723418662947,
      "std": 0.08515144539540778
    },
    "rpch": {
      "mean": 8.478244921813408,
      "std": 0.2496151380160039
    }
  },
  "multisig_signers": [
    1,
    3,
    5,
    10,
    20
  ],
  "attributes_tested": [
    5,
    10,
    15,
    20
  ]
}